S,B,latency_s,memory_bytes,energy_j,is_validation
32,1,6.837440e-04,18763776,3.438752e-02,0
32,2,7.629280e-04,18874368,3.163163e-02,0
32,4,7.538080e-04,19095552,3.542241e-02,0
64,1,8.986880e-04,23969792,4.106102e-02,0
32,8,7.696800e-04,19537920,3.891958e-02,0
64,2,8.639360e-04,24117248,4.791169e-02,0
32,9,7.351360e-04,19648512,3.890160e-02,1
32,16,7.411360e-04,14843904,4.131239e-02,0
64,4,7.581760e-04,24903680,4.388858e-02,0
128,1,8.167840e-04,24412160,5.059250e-02,0
176,1,6.788320e-04,17700864,5.078769e-02,1
32,32,9.264960e-04,15958016,4.579412e-02,0
64,8,7.609920e-04,17793536,5.674292e-02,0
128,2,7.032160e-04,17794048,5.892757e-02,0
64,9,9.286400e-04,18006528,5.715444e-02,1
224,1,9.707520e-04,18699776,5.051239e-02,0
32,50,8.382720e-04,17211392,6.362991e-02,1
176,2,6.020320e-04,19311616,4.952833e-02,1
32,64,8.127840e-04,18186240,4.543286e-02,0
64,16,5.596640e-04,19497472,5.331713e-02,0
128,4,5.651040e-04,19497984,8.729495e-02,0
256,1,5.467840e-04,19499008,6.780500e-02,0
288,1,6.142880e-04,20404736,5.049797e-02,1
224,2,6.414240e-04,21308928,4.741487e-02,0
336,1,7.472800e-04,21962752,1.033986e-01,1
176,4,9.267040e-04,22155264,6.340058e-02,1
32,128,2.029568e-03,59342848,1.269106e-01,0
64,32,8.597600e-04,22642688,7.762789e-02,0
128,8,9.262880e-04,22642688,7.160094e-02,0
256,2,7.475200e-04,22906880,7.425127e-02,0
128,9,9.020800e-04,23822336,9.598248e-02,1
384,1,7.950400e-04,23822336,6.278832e-02,0
400,1,7.962720e-04,24609792,9.215406e-02,1
288,2,1.222800e-03,25010176,7.155902e-02,1
224,4,1.127728e-03,27377664,7.611959e-02,0
64,50,1.199728e-03,27656192,1.107479e-01,1
32,209,3.295696e-03,88834048,2.258678e-01,1
336,2,1.175552e-03,29241344,1.325371e-01,1
176,8,1.424352e-03,30580736,1.427575e-01,1
32,256,3.840528e-03,103669760,2.622844e-01,0
64,64,1.353728e-03,32210944,8.487590e-02,0
128,16,1.507104e-03,32210944,9.566415e-02,0
256,4,1.321648e-03,32210944,1.066891e-01,0
512,1,1.329152e-03,32210944,1.094578e-01,0
176,9,1.456480e-03,32743424,1.230421e-01,1
384,2,1.452752e-03,33783808,1.762804e-01,0
400,2,1.561120e-03,35489792,1.574337e-01,1
288,4,1.870848e-03,36290560,1.341156e-01,1
224,8,1.991040e-03,41025536,1.538234e-01,0
224,9,2.334896e-03,44666880,2.222893e-01,1
336,4,2.470048e-03,44666880,2.036315e-01,1
176,16,2.827552e-03,48529408,2.005246e-01,1
64,128,4.633504e-03,76644352,3.946057e-01,0
128,32,2.510176e-03,49381376,2.775110e-01,0
256,8,2.795280e-03,49381376,1.745719e-01,0
512,2,2.435504e-03,49381376,2.556705e-01,0
256,9,2.919552e-03,53837824,2.041288e-01,1
384,4,2.964432e-03,53837824,2.678227e-01,0
400,4,3.115360e-03,57741312,2.106743e-01,1
288,8,3.535872e-03,58851328,2.349727e-01,1
288,9,3.892624e-03,64491520,3.567193e-01,1
224,16,4.142832e-03,68780032,3.408387e-01,0
128,50,4.236048e-03,70746112,3.361138e-01,1
64,209,7.676096e-03,116408320,5.190032e-01,1
336,8,4.638288e-03,75833344,3.409926e-01,1
176,32,5.421968e-03,82739200,4.251641e-01,1
336,9,5.308816e-03,84772864,4.278022e-01,1
64,256,9.113808e-03,138272768,6.817522e-01,0
128,64,5.155184e-03,119316480,4.536900e-01,0
256,16,5.208000e-03,119316480,4.346206e-01,0
512,4,5.383184e-03,85032960,4.474010e-01,0
384,8,6.192064e-03,95125504,4.396914e-01,0
400,8,6.703952e-03,102244352,5.109361e-01,1
288,16,6.378208e-03,130195456,4.161432e-01,1
384,9,7.006928e-03,104824832,4.659350e-01,1
400,9,7.527104e-03,111735808,4.895046e-01,1
176,50,7.659264e-03,175570944,5.594477e-01,1
224,32,8.240336e-03,174673920,5.363072e-01,0
336,16,8.934512e-03,184664064,6.007683e-01,1
176,64,9.823504e-03,191234048,6.673918e-01,1
128,128,1.554970e-02,223518720,1.054018e+00,0
256,32,1.007805e-02,223518720,6.952125e-01,0
512,8,1.079786e-02,156336128,7.686314e-01,0
384,16,1.150272e-02,227639296,7.771268e-01,0
512,9,1.216275e-02,175210496,8.882597e-01,1
224,50,1.364379e-02,310468608,9.257000e-01,1
400,16,1.249565e-02,259096576,8.317282e-01,1
288,32,1.271813e-02,243572736,9.022293e-01,1
224,64,1.615746e-02,335904768,1.081021e+00,0
256,50,1.645701e-02,400465920,1.200256e+00,1
128,209,2.613200e-02,372736000,1.810036e+00,1
336,32,1.800499e-02,355565568,1.209198e+00,1
176,128,2.966683e-02,366837760,2.009359e+00,1
288,50,2.031642e-02,431923200,1.458338e+00,1
128,256,3.140445e-02,431923200,2.125029e+00,0
256,64,2.066226e-02,431923200,1.389142e+00,0
512,16,2.013898e-02,399734784,1.414942e+00,0
384,32,2.288438e-02,436260864,1.621740e+00,0
400,32,2.539357e-02,499458048,1.764389e+00,1
288,64,2.570205e-02,473079808,1.783477e+00,1
336,50,2.996072e-02,635254784,2.003271e+00,1
224,128,4.991966e-02,655458304,3.784086e+00,0
176,209,5.105568e-02,611697664,3.565471e+00,1
336,64,3.711584e-02,692092928,2.515214e+00,1
384,50,3.766886e-02,783089664,2.606305e+00,1
176,256,6.192030e-02,717586432,4.480467e+00,1
400,50,4.247896e-02,902995968,2.987280e+00,1
256,128,6.312224e-02,848732160,4.702491e+00,0
512,32,4.102061e-02,784355328,2.803961e+00,0
384,64,4.776128e-02,857407488,3.189268e+00,0
400,64,5.372954e-02,983007232,3.685153e+00,1
224,209,8.919934e-02,1104936960,6.325526e+00,1
288,128,8.456546e-02,930521088,6.062108e+00,1
224,256,1.082299e-01,1292992512,7.188132e+00,0
512,50,6.917787e-02,1421475840,4.687976e+00,1
256,209,1.113569e-01,1439604736,7.453903e+00,1
336,128,1.170220e-01,1367179264,8.325653e+00,1
256,256,1.366166e-01,1683062784,9.225372e+00,0
512,64,9.062755e-02,1553596416,6.098595e+00,0
288,209,1.545222e-01,1569533952,1.054675e+01,1
384,128,1.574633e-01,1699840000,1.092265e+01,0
400,128,1.773727e-01,1948557312,1.172572e+01,1
288,256,1.830625e-01,1844543488,1.263349e+01,1
336,209,2.024055e-01,2318582784,1.393341e+01,1
336,256,2.404201e-01,2718269440,1.586047e+01,1
384,209,2.528977e-01,2884431872,1.684859e+01,1
400,209,2.859767e-01,3313540096,2.001984e+01,1
512,128,2.636847e-01,3092348928,1.851925e+01,0
384,256,3.065027e-01,3384287232,2.095411e+01,0
400,256,3.506741e-01,3883048960,2.429599e+01,1
512,209,4.594513e-01,5259292672,3.073827e+01,1
512,256,5.490239e-01,6169042944,3.689833e+01,0
